Site Id,Date,Time,WTEQ.I-1 (in) ,PREC.I-1 (in) ,TOBS.I-1 (degC) ,TMAX.D-1 (degC) ,TMIN.D-1 (degC) ,TAVG.D-1 (degC) ,SNWD.I-1 (in) ,SMS.I-1:-2 (pct)  (silt),SMS.I-1:-8 (pct)  (silt),SMS.I-1:-20 (pct)  (silt),STO.I-1:-2 (degC) ,STO.I-1:-8 (degC) ,STO.I-1:-20 (degC) ,SAL.I-1:-2 (gram) ,SAL.I-1:-8 (gram) ,SAL.I-1:-20 (gram) ,RDC.I-1:-2 (unit) ,RDC.I-1:-8 (unit) ,RDC.I-1:-20 (unit) ,BATT.I-1 (volt) 
820,2012-01-01,,3.5,6.5,-7.9,-2,-9.1,-6.4,19,8.3,11,0.4,0.1,0.6,1.6,0.1,0.1,0.2,6.72,7.76,3.94,12.72
820,2012-01-02,,3.5,6.5,2.2,8.2,-8.3,0.6,18,7.2,10.1,0.5,0,0.6,1.6,0.2,0.2,0.1,6.31,7.38,3.97,12.74
820,2012-01-03,,3.5,6.5,4,11.6,0.4,4.4,18,6.8,9.9,0,0,0.6,1.6,0.2,0.2,0.2,6.14,7.33,3.71,12.78
820,2012-01-04,,3.5,6.5,-0.2,9.8,-0.6,3.8,19,7.4,10.9,0,0,0.6,1.6,0.1,0.1,0.2,6.37,7.71,3.8,12.76
820,2012-01-05,,3.5,6.5,1.5,11.2,-1.3,3.1,18,7.3,10.8,0,0,0.6,1.6,0.1,0.1,0.2,6.34,7.65,3.79,12.78
820,2012-01-06,,3.5,6.5,1.3,10.7,0.7,4,18,6.5,10.2,0.4,0.1,0.6,1.6,0.2,0.2,0.2,6.06,7.42,3.93,12.78
820,2012-01-07,,3.5,6.5,-2.8,6.2,-2.8,1.2,19,5.9,10,0,0,0.6,1.6,0.2,0.2,0.2,5.82,7.37,3.81,12.77
820,2012-01-08,,3.6,6.6,-9.3,-0.8,-9.4,-4.9,18,6,10.2,0.2,0,0.6,1.6,0.2,0.2,0.2,5.87,7.42,3.88,12.75
820,2012-01-09,,3.6,6.6,-6.1,-1.9,-11.9,-6.8,20,6.2,10.6,0.1,0,0.6,1.5,0.2,0.1,0.2,5.94,7.57,3.86,12.75
820,2012-01-10,,3.6,6.6,-2.8,6.8,-7,-2.1,20,5.8,9.9,0.1,0,0.6,1.5,0.2,0.2,0.2,5.78,7.31,3.84,12.76
820,2012-01-11,,3.6,6.6,-3.3,7,-5.6,-0.6,19,6.3,10.8,0,0,0.5,1.5,0.1,0.1,0.2,5.96,7.66,3.75,12.76
820,2012-01-12,,3.6,6.6,-11.6,-0.6,-12.2,-7.5,17,4.8,9.9,0.5,-0.1,0.5,1.5,0.2,0.2,0.1,5.42,7.31,3.98,12.72
820,2012-01-13,,3.6,6.6,-7.8,-0.4,-12.1,-6.8,20,4.2,10,0,-0.2,0.5,1.5,0.2,0.2,0.2,5.22,7.35,3.76,12.73
820,2012-01-14,,3.6,6.6,-3.9,2.9,-9,-3.7,19,2.7,9.9,0,-0.3,0.4,1.5,0.2,0.2,0.2,4.73,7.32,3.8,12.75
820,2012-01-15,,3.6,6.6,3.9,8.2,-4,1.9,17,3.1,9.8,0.1,-0.3,0.4,1.4,0.2,0.2,0.2,4.85,7.29,3.84,12.77
820,2012-01-16,,3.6,6.6,-1.7,4.6,-1.6,1.9,17,2.9,10.4,0.3,-0.2,0.3,1.4,0.2,0.1,0.2,4.79,7.51,3.9,12.77
820,2012-01-17,,3.6,6.6,-16.4,-1.5,-16.9,-9.5,19,3.3,9.8,0.4,-0.2,0.4,1.4,0.2,0.2,0.2,4.92,7.27,3.94,12.71
820,2012-01-18,,3.6,6.6,-3.8,-3.6,-18.5,-9.7,19,2.2,9.7,0,-0.4,0.3,1.3,0.2,0.2,0.2,4.55,7.23,3.81,12.74
820,2012-01-19,,4.1,7.3,1,0.9,-4,-2.3,23,2.2,9.7,0,-0.4,0.3,1.3,0.2,0.2,0.2,4.54,7.25,3.81,12.77
820,2012-01-20,,4.7,7.7,1.2,5.6,-1.6,2.5,22,3.1,10.2,0,-0.3,0.3,1.3,0.2,0.1,0.2,4.86,7.45,3.8,12.77
820,2012-01-21,,5.1,7.9,0,4.4,-1.8,0.8,24,3.4,9.4,0.3,-0.2,0.3,1.3,0.2,0.2,0.2,4.95,7.14,3.89,12.79
820,2012-01-22,,7.8,10.1,-6.8,5,-6.9,-1.6,40,2.8,9,0,-0.1,0.3,1.3,0.2,0.2,0.2,4.76,6.99,3.8,12.62
820,2012-01-23,,7.8,10.1,-6.2,-2.1,-8.8,-6.7,39,3.9,9.8,0.4,-0.1,0.3,1.3,0.2,0.1,0.2,5.12,7.3,3.94,12.79
820,2012-01-24,,8.2,10.5,-6.5,-1.5,-6.8,-4.7,42,4,9.8,0.1,-0.1,0.3,1.3,0.2,0.1,0.2,5.17,7.27,3.85,12.73
820,2012-01-25,,8.2,10.5,-6.8,2.1,-10.5,-6.7,40,3.7,9.7,0.4,0,0.4,1.3,0.2,0.2,0.2,5.06,7.24,3.94,12.75
820,2012-01-26,,8.2,10.5,-0.2,4.8,-9.3,-1.9,39,4.4,9.9,0.3,0,0.4,1.3,0.2,0.1,0.2,5.29,7.32,3.91,12.8
820,2012-01-27,,8.7,10.8,-3.9,4.1,-4,-0.5,39,4.8,9.8,0.3,0,0.4,1.3,0.2,0.1,0.2,5.45,7.27,3.91,12.78
820,2012-01-28,,8.7,10.8,-12.5,-1.7,-13.2,-7.3,37,5.5,9.8,0.3,0,0.4,1.3,0.1,0.1,0.2,5.68,7.27,3.9,12.73
820,2012-01-29,,8.7,10.8,-7,-0.1,-14,-7.2,37,6,9.3,0.6,0,0.4,1.3,0.1,0.2,0.1,5.86,7.08,3.99,12.74
820,2012-01-30,,8.7,10.8,-1,6.4,-7.3,-1,37,6.5,9.9,0.4,0,0.5,1.3,0.1,0.1,0.2,6.05,7.32,3.95,12.76
820,2012-01-31,,8.7,10.8,-5,4.7,-5.4,-0.5,38,6.8,9.8,0.2,0.1,0.5,1.3,0.1,0.2,0.2,6.16,7.26,3.87,12.76
820,2012-02-01,,8.7,10.8,-5.1,4.4,-7,-3,38,7.2,9.1,0,0.1,0.5,1.3,0.1,0.2,0.2,6.31,7,3.82,12.73
820,2012-02-02,,8.9,11,-4.5,3.6,-5.6,-1.8,39,6.9,9.2,0.6,0.1,0.5,1.3,0.2,0.2,0.2,6.19,7.05,4,12.76
820,2012-02-03,,8.9,11,-7,2.2,-7,-4.2,38,7.1,9.8,0.1,0.1,0.5,1.3,0.2,0.2,0.2,6.27,7.26,3.86,12.75
820,2012-02-04,,8.9,11,-7.2,-1.1,-9.6,-6.2,37,7.9,10,0.3,0.1,0.5,1.3,0.1,0.1,0.2,6.57,7.34,3.91,12.73
820,2012-02-05,,8.9,11,-9.1,0.5,-10.8,-6.1,37,7.8,9.6,0,0.1,0.5,1.3,0.1,0.2,0.2,6.53,7.21,3.78,12.73
820,2012-02-06,,8.9,11,-8.1,2,-10.4,-5.3,37,7.6,10.1,0.2,0.1,0.5,1.3,0.1,0.1,0.2,6.46,7.38,3.87,12.75
820,2012-02-07,,8.9,11,-8.2,1.2,-10,-6.1,37,8.2,10.1,0.2,0.1,0.5,1.3,0.1,0.1,0.2,6.66,7.38,3.87,12.73
820,2012-02-08,,8.9,11,-2.3,1.3,-10.4,-5,35,8,10.1,0,0.1,0.5,1.3,0.1,0.1,0.2,6.6,7.38,3.78,12.74
820,2012-02-09,,9,11.1,-4.8,2.2,-4.9,-2.4,35,7.2,9.3,0,0.1,0.5,1.3,0.2,0.2,0.2,6.31,7.06,3.79,12.75
820,2012-02-10,,9,11.1,-3,0.1,-6,-3,35,7.9,9.4,0.4,0.1,0.5,1.3,0.1,0.2,0.2,6.54,7.13,3.95,12.76
820,2012-02-11,,9,11.1,-1.3,4,-3.1,-0.5,35,6.9,9.4,0.3,0.1,0.5,1.3,0.2,0.2,0.2,6.21,7.14,3.91,12.74
820,2012-02-12,,9.3,11.2,-1.8,4.2,-1.9,0.4,35,7.8,10.1,0.2,0.1,0.5,1.3,0.1,0.1,0.2,6.52,7.39,3.87,12.76
820,2012-02-13,,10.3,12.1,-4.2,2.6,-4.6,-2,45,8.4,9.9,0.2,0.1,0.6,1.3,0.1,0.1,0.2,6.74,7.31,3.87,12.72
820,2012-02-14,,10.4,12.2,-4.4,3.2,-5.3,-3.4,46,8.2,9.3,0.1,0.1,0.6,1.3,0.1,0.2,0.2,6.68,7.09,3.83,12.78
820,2012-02-15,,10.4,12.2,-6.1,2.5,-9.3,-4.5,45,7.9,10,0.6,0.1,0.6,1.3,0.1,0.1,0.2,6.56,7.35,4,12.75
820,2012-02-16,,10.7,12.3,-6.1,0.5,-7.7,-4.9,46,8,10,0.6,0.2,0.6,1.3,0.1,0.1,0.2,6.6,7.36,4.02,12.76
820,2012-02-17,,10.7,12.3,-9,3.1,-10.5,-6.2,43,7.8,9.2,0,0.2,0.6,1.3,0.2,0.2,0.2,6.54,7.04,3.75,12.73
820,2012-02-18,,10.7,12.3,-8.8,1.8,-10.9,-6.3,43,8.3,9.7,0.1,0.2,0.6,1.3,0.1,0.2,0.2,6.7,7.22,3.84,12.73
820,2012-02-19,,10.9,12.5,-4.5,3.9,-9.9,-3.9,44,8.4,10.2,0,0.2,0.6,1.3,0.1,0.1,0.2,6.76,7.43,3.79,12.76
820,2012-02-20,,10.9,12.5,-10.2,-1.8,-11.2,-7.2,43,8.5,9.8,0.1,0.2,0.6,1.3,0.1,0.2,0.2,6.77,7.29,3.83,12.73
820,2012-02-21,,11.1,12.7,-6.8,-3,-12.1,-7.8,42,8.1,9.6,0.9,0.2,0.6,1.3,0.2,0.2,0.1,6.64,7.19,4.09,12.74
820,2012-02-22,,11.5,13.1,0.5,0.7,-7,-2.6,43,8,10.1,0.5,0.2,0.6,1.3,0.2,0.1,0.2,6.58,7.4,3.96,12.76
820,2012-02-23,,11.7,13.3,-1,6.5,-1,2.2,43,8.1,10.1,0.3,0.2,0.6,1.3,0.2,0.1,0.2,6.63,7.4,3.91,12.77
820,2012-02-24,,11.8,13.4,-8,-0.9,-8.8,-6.1,44,8,9.4,0.3,0.2,0.6,1.3,0.2,0.2,0.2,6.6,7.13,3.92,12.75
820,2012-02-25,,11.8,13.4,2.8,3,-9.2,-4.2,45,9.3,9.8,0.6,0.2,0.6,1.3,0.1,0.2,0.2,7.09,7.27,4.02,12.74
820,2012-02-26,,11.8,13.4,-10.8,3.9,-10.8,-3.3,44,9.1,9.8,0.6,0.3,0.6,1.3,0.1,0.2,0.2,7.02,7.27,4.02,12.73
820,2012-02-27,,11.8,13.4,-6.1,-2.1,-14,-8.5,44,9.1,10.3,0.2,0.3,0.7,1.3,0.1,0.1,0.2,7,7.45,3.88,12.71
820,2012-02-28,,12.3,13.9,-4,2,-6.8,-3,47,8.9,9.5,0.8,0.3,0.7,1.3,0.1,0.2,0.1,6.92,7.15,4.06,12.74
820,2012-02-29,,12.6,14.2,-5.6,-3.1,-7.9,-5.4,54,8.5,9.6,0.6,0.3,0.7,1.3,0.2,0.2,0.2,6.77,7.18,4.02,12.73
820,2012-03-01,,12.9,14.5,-8.6,0.7,-8.6,-4.5,59,8.3,9.6,0.8,0.3,0.7,1.3,0.2,0.2,0.1,6.7,7.2,4.05,12.74
820,2012-03-02,,13.2,14.9,-10.1,-3.6,-11.2,-8.4,56,9.3,10.2,0.6,0.3,0.7,1.4,0.1,0.1,0.2,7.08,7.44,4.02,12.76
820,2012-03-03,,13.2,14.9,-9.6,-3.6,-12.1,-9.3,56,9.3,10,0.8,0.3,0.7,1.4,0.1,0.2,0.1,7.08,7.35,4.06,12.75
820,2012-03-04,,13.2,14.9,-2.1,1.3,-10.8,-5.1,53,8.3,9.6,0.5,0.3,0.7,1.4,0.2,0.2,0.2,6.71,7.2,3.98,12.76
820,2012-03-05,,13.2,14.9,1.8,7.1,-7,-0.1,53,8.9,10.1,0.4,0.3,0.7,1.4,0.1,0.2,0.2,6.94,7.38,3.93,12.73
820,2012-03-06,,13.4,15.1,4.9,10.1,-1.3,4.8,50,8.5,9.6,0.7,0.3,0.7,1.4,0.2,0.2,0.2,6.78,7.2,4.03,12.76
820,2012-03-07,,13.4,15.1,-6.8,5.1,-6.9,1.6,49,9.1,9.7,0.1,0.4,0.7,1.4,0.1,0.2,0.2,7.02,7.23,3.84,12.74
820,2012-03-08,,13.4,15.1,-6.1,0.9,-8.1,-5.1,49,8.3,10.4,0.2,0.4,0.7,1.4,0.2,0.1,0.2,6.71,7.52,3.89,12.73
820,2012-03-09,,13.4,15.1,0.1,5.2,-8.7,-2.1,49,8.9,9.8,0.3,0.4,0.7,1.4,0.1,0.2,0.2,6.91,7.28,3.9,12.74
820,2012-03-10,,13.4,15.1,0.4,9.2,-2.6,2.4,47,8.7,9.7,0.3,0.4,0.8,1.4,0.1,0.2,0.2,6.84,7.22,3.9,12.74
820,2012-03-11,,13.4,15.1,-0.5,12.3,-0.6,3.6,47,8.8,10.4,0.3,0.4,0.8,1.4,0.1,0.1,0.2,6.9,7.5,3.9,12.74
820,2012-03-12,,13.3,15.1,3,9.9,-1,4.1,44,8.3,9.9,0.4,0.4,0.8,1.4,0.2,0.2,0.2,6.72,7.3,3.93,12.75
820,2012-03-13,,13,15.1,4.5,10.1,-0.7,4.9,42,8.2,10,0.5,0.4,0.8,1.4,0.2,0.2,0.2,6.68,7.33,3.98,12.75
820,2012-03-14,,12.9,15.1,4.2,8.7,3.1,5.3,44,8.1,10.1,0.4,0.4,0.8,1.4,0.2,0.2,0.2,6.63,7.4,3.93,12.74
820,2012-03-15,,12.8,15.1,4,9,1.7,4.8,42,8.7,10,0.7,0.5,0.8,1.4,0.2,0.2,0.2,6.86,7.33,4.03,12.74
820,2012-03-16,,12.4,15.1,6.6,13.1,1,6.3,41,8.6,10.3,0.4,0.5,0.8,1.4,0.2,0.1,0.2,6.8,7.47,3.94,12.74
820,2012-03-17,,12,15.2,6.2,10.2,4.3,6.8,38,9.3,9.9,0.4,0.5,0.8,1.4,0.1,0.2,0.2,7.09,7.31,3.95,12.74
820,2012-03-18,,12,15.4,1,6.4,0.5,3.7,39,8.9,10.4,0,0.5,0.8,1.4,0.2,0.1,0.2,6.92,7.52,3.81,12.69
820,2012-03-19,,13,16.5,-6.6,1.1,-6.8,-4,57,9.9,10,0.7,0.5,0.8,1.4,0.1,0.2,0.2,7.32,7.35,4.03,12.74
820,2012-03-20,,13.6,17.1,-10.3,0.1,-10.5,-6,54,9.7,10.6,0.4,0.5,0.8,1.4,0.1,0.1,0.2,7.24,7.57,3.95,12.74
820,2012-03-21,,13.7,17.2,-3.5,1.3,-12.2,-4.9,51,10.3,9.9,0.6,0.5,0.8,1.4,0.1,0.2,0.2,7.48,7.33,4,12.75
820,2012-03-22,,13.7,17.2,-0.6,10,-3.7,1.9,47,10.1,10.6,0.4,0.5,0.8,1.4,0.1,0.1,0.2,7.4,7.6,3.95,12.75
820,2012-03-23,,13.8,17.3,9,13.7,-0.7,7.7,44,10.7,9.9,0.7,0.5,0.8,1.4,0.1,0.2,0.2,7.63,7.3,4.03,12.75
820,2012-03-24,,13.8,17.3,7.2,11.9,4.7,8.5,42,10.5,10.2,0.2,0.5,0.8,1.4,0.2,0.2,0.2,7.57,7.44,3.87,12.76
820,2012-03-25,,13.6,17.3,8.2,13.8,4.2,8.6,41,11.4,9.9,0.3,0.5,0.8,1.4,0.1,0.2,0.2,7.91,7.29,3.92,12.76
820,2012-03-26,,13.4,17.3,7.2,12.8,4.6,8.4,39,11.5,10.7,0.9,0.5,0.8,1.4,0.2,0.1,0.2,7.94,7.62,4.09,12.75
820,2012-03-27,,14.1,18,0,7.7,-4.8,0.3,46,12.6,10.7,1.2,0.5,0.8,1.4,0.1,0.2,0.1,8.4,7.61,4.21,12.73
820,2012-03-28,,14.3,18.1,5.3,8.3,-3.8,3.5,43,12.5,11.2,0.2,0.5,0.8,1.4,0.1,0.1,0.2,8.36,7.83,3.87,12.76
820,2012-03-29,,14.6,18.4,2.2,10.5,0.7,5.1,43,13.5,11.3,0,0.5,0.8,1.4,0.1,0.1,0.2,8.78,7.88,3.78,12.73
820,2012-03-30,,14.3,18.4,7,10.6,-1.3,4.7,42,12.5,11.1,0.4,0.5,0.8,1.4,0.2,0.2,0.2,8.38,7.76,3.95,12.76
820,2012-03-31,,13.7,18.4,8.6,12.8,3.4,7.8,40,13.6,12.1,1.2,0.5,0.8,1.4,0.1,0.2,0.1,8.83,8.17,4.21,12.76
820,2012-04-01,,12.9,18.4,7.5,14.8,6.6,10.3,37,14.4,13,0,0.5,0.8,1.3,0.1,0.2,0.2,9.16,8.58,3.78,12.76
820,2012-04-02,,12.4,18.4,-7,8,-7,0.2,39,14.6,15,0.5,0.5,0.8,1.3,0.1,0.1,0.2,9.25,9.42,3.96,12.72
820,2012-04-03,,12.5,18.5,-2.3,5.7,-8.5,-1.3,38,14.2,14.8,1,0.5,0.8,1.3,0.2,0.2,0.1,9.06,9.32,4.14,12.74
820,2012-04-04,,12.4,18.5,2.8,11.4,-4.7,2.5,36,14.8,15.2,1,0.5,0.8,1.3,0.1,0.2,0.1,9.35,9.52,4.13,12.75
820,2012-04-05,,11.7,18.5,5.4,12.8,1.4,7.2,35,15.6,16.8,0.5,0.4,0.7,1.3,0.1,0.1,0.2,9.71,10.25,3.96,12.75
820,2012-04-06,,11.3,18.5,0.9,7.6,0.5,5,34,16.3,17.4,0.3,0.5,0.7,1.3,0.1,0.1,0.2,9.99,10.53,3.92,12.75
820,2012-04-07,,11.5,18.6,-7.5,0.9,-8.6,-4.6,37,16,17.4,0,0.5,0.7,1.3,0.1,0.1,0.2,9.85,10.53,3.78,12.72
820,2012-04-08,,11.5,18.6,0.5,10.3,-8.8,1.5,35,15.8,17.6,0.9,0.5,0.7,1.2,0.1,0.1,0.2,9.79,10.62,4.1,12.74
820,2012-04-09,,11.1,18.6,4.6,14.1,0.3,7.4,32,16.6,18.9,0.6,0.4,0.7,1.2,0.1,0.1,0.2,10.16,11.21,4,12.74
820,2012-04-10,,10.2,18.7,8.1,15.4,3.8,10.1,30,19.4,20.1,0.6,0.4,0.7,1.2,0.1,0.1,0.2,11.49,11.84,4.01,12.75
820,2012-04-11,,9.3,18.7,7.9,16.8,5.6,11.1,28,21,22,6.7,0.4,0.7,1.2,0.1,0.1,0.2,12.31,12.84,6.08,12.76
820,2012-04-12,,9.7,19.3,-0.6,15.1,-0.7,6.3,30,20.8,22.2,8.3,0.4,0.7,1.2,0.1,0.1,0.2,12.22,12.96,6.68,12.73
820,2012-04-13,,10.5,20.4,-3.6,1.3,-5.3,-1.6,37,19.6,21.8,9.2,0.5,0.7,1.2,0.1,0.1,0.1,11.59,12.73,7.02,12.73
820,2012-04-14,,10.7,20.7,-1.3,5.7,-3.7,-0.4,35,19.1,21.3,8.7,0.5,0.7,1.2,0.1,0.1,0.2,11.34,12.44,6.86,12.75
820,2012-04-15,,11.2,21,-1.7,8.1,-2.8,-0.1,38,18.4,20.6,9.3,0.5,0.7,1.2,0.1,0.2,0.1,11.01,12.07,7.07,12.74
820,2012-04-16,,11.2,21,-0.3,5.2,-2.1,1,35,17.9,20.8,9.2,0.5,0.7,1.2,0.1,0.1,0.1,10.75,12.19,7.05,12.75
820,2012-04-17,,11,21,2.3,8.5,-1.5,2.9,32,18,20.7,8.6,0.5,0.7,1.2,0.2,0.1,0.2,10.79,12.13,6.81,12.74
820,2012-04-18,,11.4,21.4,2.1,9.1,0.3,3.4,33,18.5,20.6,8.7,0.5,0.7,1.2,0.1,0.1,0.2,11.04,12.11,6.84,12.75
820,2012-04-19,,11.3,21.5,1.9,8.7,0.3,4.3,32,20.1,21.6,9.5,0.5,0.7,1.2,0.1,0.1,0.1,11.84,12.62,7.13,12.75
820,2012-04-20,,10.8,21.6,2.6,8.9,1,4.3,31,20.5,22.2,9.8,0.4,0.7,1.2,0.1,0.1,0.1,12.03,12.96,7.27,12.76
820,2012-04-21,,9.9,21.6,5.4,12.9,2.3,7.6,28,21.9,23.5,11.4,0.4,0.7,1.2,0.1,0.1,0.1,12.78,13.65,7.92,12.76
820,2012-04-22,,8.8,21.6,9,17.9,5.2,11.5,25,22.7,24.6,12.6,0.4,0.7,1.1,0.1,0.1,0.1,13.23,14.35,8.4,12.76
820,2012-04-23,,7.3,21.6,11.9,20,7.9,13.9,22,24.3,26.5,14.2,0.4,0.6,1.1,0.1,0.1,0.1,14.16,15.53,9.05,12.77
820,2012-04-24,,6,21.6,13.5,21.3,8.9,14.9,20,24.3,27.8,15.4,0.5,0.6,1,0.1,0.1,0.1,14.15,16.38,9.57,12.78
820,2012-04-25,,4.3,21.6,9.6,18.2,9.6,14.5,16,22.1,25.7,13.5,5.8,4.1,1.4,0.1,0.1,0.1,12.77,14.92,8.76,12.78
820,2012-04-26,,3.5,21.6,10.1,14,7.1,10.1,15,20.6,24.3,13.2,5.6,4.7,2.3,0.1,0.1,0.1,11.97,14,8.61,12.78
820,2012-04-27,,2.7,21.8,-0.4,15.6,-0.4,8.3,12,22.3,23.7,12.2,5,5,2.9,0.1,0.1,0.1,12.88,13.68,8.18,12.74
820,2012-04-28,,1.9,21.8,-2.4,3.3,-2.7,-0.4,13,21.9,24.6,12.3,4,4.6,3.2,0.1,0.1,0.1,12.69,14.23,8.24,12.75
820,2012-04-29,,1.5,21.8,0,4.6,-4.9,0,12,20.5,23.7,12.3,4.2,4.5,3.2,0.1,0.1,0.1,11.92,13.69,8.22,12.75
820,2012-04-30,,0.8,21.8,1.6,9.7,-0.1,3.9,8,19.3,22.9,12.1,5.5,5.4,3.4,0.1,0.1,0.1,11.29,13.2,8.15,12.75
820,2012-05-01,,0.2,21.9,7.6,13.5,1.4,8.7,2,18.2,22.6,12,6.6,5.6,3.6,0.1,0.1,0.1,10.73,13.02,8.11,12.76
820,2012-05-02,,0.1,22.1,6.9,11.9,1.8,7,1,19.2,22.6,12.1,7.6,6.8,4.1,0.1,0.1,0.1,11.23,13,8.13,12.78
820,2012-05-03,,0.1,22.1,9.8,13.8,6.5,9.7,1,19.1,22.6,11.1,8.4,7.7,4.6,0.1,0.1,0.1,11.12,12.95,7.73,12.77
820,2012-05-04,,0.1,22.1,9.1,14.8,8.1,10.5,1,17.8,22.1,11.5,7.9,7.4,5.1,0.1,0.1,0.1,10.52,12.69,7.85,12.78
820,2012-05-05,,0,22.1,7.6,13.5,6.4,9.7,0,17.2,22,10.9,8.2,7.9,5.3,0.1,0.1,0.2,10.23,12.65,7.62,12.76
820,2012-05-06,,0,22.1,-0.5,7.7,-1.4,3.3,0,16.6,21.2,11,6.9,7.8,5.6,0.1,0.1,0.1,9.99,12.23,7.66,12.75
820,2012-05-07,,0,22.1,1.7,9.7,-1.8,3.6,0,16.4,21.3,11.4,6.9,7.4,5.5,0.1,0.1,0.1,9.89,12.25,7.81,12.76
820,2012-05-08,,0,22.1,4.6,12.5,-0.9,5.7,0,16.1,20.9,11.4,6.7,7,5.5,0.1,0.1,0.1,9.76,12.08,7.84,12.76
820,2012-05-09,,0,22.1,7.6,15.8,2.1,9.1,0,15,20.7,10.7,8.1,7.8,5.5,0.1,0.1,0.1,9.28,11.98,7.55,12.78
820,2012-05-10,,0,22.1,8.5,17.4,5.4,11.7,0,14.7,20.5,10.6,8.8,8.5,5.8,0.1,0.1,0.1,9.13,11.84,7.5,12.77
820,2012-05-11,,0,22.1,4.6,16,4.5,11.5,0,13.6,20.2,10.6,9.1,8.9,6.2,0.1,0.1,0.1,8.64,11.67,7.5,12.77
820,2012-05-12,,0,22.1,4.2,13.4,2.7,7.5,0,12.9,20,10.9,8.6,8.9,6.5,0.1,0.1,0.1,8.37,11.57,7.62,12.76
820,2012-05-13,,0,22.1,7.2,14,1.8,8.3,0,12.1,19.9,10.8,8.4,8.8,6.6,0.1,0.1,0.1,8.05,11.55,7.56,12.76
820,2012-05-14,,0,22.1,6.8,16.7,3.3,10.1,0,11.5,19.7,10.5,9,9,6.7,0.1,0.1,0.1,7.8,11.44,7.46,12.78
820,2012-05-15,,0,22.1,10.7,20.5,5.7,13.3,0,9.6,18.9,10.5,10,9.6,6.8,0.2,0.1,0.1,7.06,10.99,7.45,12.78
820,2012-05-16,,0,22.1,14.3,21.7,9.4,15.8,0,9.5,18.4,9.9,10.9,10.1,7.2,0.1,0.1,0.2,7.01,10.74,7.21,12.78
820,2012-05-17,,0,22.1,9.4,18.3,9.1,13.2,0,7.9,18.3,10.8,9.9,9.8,7.5,0.2,0.1,0.1,6.44,10.74,7.55,12.78
820,2012-05-18,,0,22.1,8.2,19.9,7.6,12.7,0,7.7,17.8,10.7,9.5,9.4,7.6,0.1,0.1,0.1,6.36,10.49,7.51,12.72
820,2012-05-19,,0,22.2,1.7,10.5,1.6,5.8,0,8.5,17.4,10.3,7.7,8.6,7.4,0.1,0.2,0.1,6.68,10.34,7.36,12.76
820,2012-05-20,,0,22.2,6.3,13.7,0.8,7.5,0,8.4,18,9.8,8.7,9,7.2,0.1,0.1,0.2,6.62,10.58,7.18,12.77
820,2012-05-21,,0,22.3,8.8,18.6,4.3,11.8,0,8,17.5,10.2,9.4,9.3,7.3,0.1,0.1,0.1,6.45,10.37,7.33,12.77
820,2012-05-22,,0,22.3,15,22.1,8.7,16.2,0,6.6,16.6,10.2,11.2,10.3,7.5,0.2,0.1,0.1,5.92,9.93,7.31,12.79
820,2012-05-23,,0,22.3,9.3,18.8,9.3,14.7,0,6,16,10.3,11.3,10.6,7.9,0.2,0.1,0.1,5.72,9.65,7.37,12.78
820,2012-05-24,,0,22.3,1,10.1,-0.6,5.6,0,4.9,15.7,9.8,9.1,9.8,8.1,0.2,0.2,0.1,5.38,9.52,7.16,12.75
820,2012-05-25,,0,22.3,6.2,10.1,-1.3,4.8,0,5.2,15.3,9.5,9,9.4,8,0.2,0.1,0.2,5.46,9.39,7.05,12.76
820,2012-05-26,,0,22.4,8.6,12.9,5.6,9.8,0,4.5,15.6,9.9,8.2,8.5,7.8,0.2,0.1,0.1,5.24,9.5,7.18,12.76
820,2012-05-27,,0.7,23.6,0.6,9.3,0,4.1,5,4.7,15.4,9.5,5.7,7.2,7.4,0.2,0.1,0.2,5.34,9.47,7.04,12.72
820,2012-05-28,,0.8,24,0.8,6.1,-0.9,2.4,6,20.8,15.6,9.5,4,5.8,6.8,0.2,0.1,0.2,12.12,9.59,7.05,12.76
820,2012-05-29,,0,24,4.7,12.3,-0.4,6.7,0,23.5,27.8,11.6,3.4,4.6,6.1,0.1,0.1,0.1,13.59,16.29,7.91,12.76
820,2012-05-30,,0,24,9.4,17.9,4.1,11.4,0,20.6,25.4,11.5,7.5,6.9,5.8,0.1,0.1,0.1,11.93,14.59,7.84,12.77
820,2012-05-31,,0,24,7.9,17.1,7.2,12.3,0,18.5,23.5,11.2,9.1,8.4,6.3,0.1,0.1,0.1,10.84,13.43,7.75,12.78
820,2012-06-01,,0,24,9.2,19,7.2,13.1,0,16.7,22.5,11.1,10.3,9.5,6.9,0.1,0.1,0.1,9.98,12.88,7.66,12.78
820,2012-06-02,,0,24,12.8,21.1,8.6,15,0,14.8,21.9,11.2,11.4,10.5,7.4,0.1,0.1,0.1,9.12,12.49,7.71,12.78
820,2012-06-03,,0,24,12.3,22.6,10.7,16.3,0,14.1,21.1,11.1,11.2,10.6,8,0.1,0.1,0.1,8.84,12.07,7.68,12.79
820,2012-06-04,,0,24,17.9,23.7,10.7,17.4,0,12,20.3,10.8,12.2,11.3,8.3,0.1,0.1,0.1,7.96,11.66,7.54,12.79
820,2012-06-05,,0,24,15.2,23.9,12.5,19.1,0,10,18.8,10.7,12.8,11.9,8.7,0.1,0.1,0.1,7.14,10.89,7.49,12.8
820,2012-06-06,,0,24,-0.9,18.9,-1.1,10.3,0,8.1,18.1,10.5,10.9,11.5,9.1,0.2,0.1,0.1,6.47,10.61,7.42,12.74
820,2012-06-07,,0,24,2.4,12,-1.4,4.7,0,7.3,17.4,10.2,9.9,10.5,8.9,0.2,0.1,0.1,6.19,10.29,7.31,12.76
820,2012-06-08,,0,24,8.3,17.5,0.5,9.4,0,6.7,16.9,10.3,10.5,10.6,8.7,0.1,0.1,0.1,5.99,10.06,7.33,12.78
820,2012-06-09,,0,24,13.8,21.5,7.9,16,0,5.9,15.8,9.7,12.1,11.3,8.8,0.1,0.1,0.2,5.68,9.54,7.12,12.8
820,2012-06-10,,0,24,-0.1,14.6,0,9.4,0,4.7,14.4,9.9,10.8,11.3,9.1,0.2,0.1,0.1,5.26,8.97,7.18,12.76
820,2012-06-11,,0,24,4,11.5,-2.7,4.7,0,3.7,13.9,10,10.1,10.7,9,0.2,0.1,0.1,4.94,8.73,7.21,12.76
820,2012-06-12,,0,24,7,16.9,2,9.9,0,3.5,12.9,9.9,10.5,10.6,8.9,0.2,0.1,0.1,4.88,8.32,7.16,12.78
820,2012-06-13,,0,24,15,20.7,6.1,13.6,0,3.4,11.5,9.3,11.6,11.2,8.9,0.2,0.2,0.1,4.83,7.78,6.97,12.78
820,2012-06-14,,0,24,11,22.4,11,16.6,0,3.1,10.4,9.9,12.4,11.7,9.2,0.2,0.2,0.1,4.71,7.33,7.17,12.78
820,2012-06-15,,0,24,12.2,20.8,8.6,14.6,0,2.8,9.4,9.6,12.7,12.1,9.4,0.2,0.2,0.1,4.63,6.96,7.06,12.78
820,2012-06-16,,0,24,9.3,21.7,9,15.3,0,2.6,8.1,9.4,13.1,12.3,9.6,0.2,0.2,0.1,4.56,6.44,6.99,12.79
820,2012-06-17,,0,24,9.7,21.3,7.7,14.4,0,2.5,7.6,9,12.9,12.5,9.8,0.2,0.2,0.1,4.52,6.26,6.83,12.78
820,2012-06-18,,0,24,19.1,24.1,9.1,18.7,0,2.2,6,9.2,13.9,12.7,9.9,0.2,0.2,0.1,4.42,5.72,6.88,12.79
820,2012-06-19,,0,24,14.7,24.2,11.8,18.9,0,2.2,5.5,8.8,14.2,13.1,10.1,0.2,0.2,0.1,4.39,5.53,6.76,12.8
820,2012-06-20,,0,24,6.6,16.7,6.7,12.2,0,2.1,5.7,9.2,13.1,12.9,10.3,0.1,0.2,0.1,4.37,5.61,6.89,12.78
820,2012-06-21,,0,24,7.8,16,2.7,9.6,0,1.9,4.7,9,12.3,12.4,10.2,0.1,0.2,0.1,4.33,5.26,6.83,12.78
820,2012-06-22,,0,24,18.5,25.6,6.4,17.5,0,1.6,5,8.4,13.7,12.7,10.2,0.2,0.2,0.1,4.21,5.34,6.61,12.8
820,2012-06-23,,0,24,16.2,23.7,14.8,19.1,0,1.6,4.4,8.4,14.2,13.3,10.4,0.2,0.2,0.1,4.2,5.15,6.59,12.8
820,2012-06-24,,0,24,16.1,25.2,14.3,19.4,0,1.4,4.5,8.1,14.8,13.6,10.6,0.2,0.2,0.1,4.14,5.16,6.49,12.8
820,2012-06-25,,0,24,19.1,25.1,12.2,19.8,0,1.6,4.2,7.9,14.5,13.5,10.7,0.1,0.2,0.1,4.22,5.08,6.4,12.81
820,2012-06-26,,0,24,16.4,24.6,15.5,19.9,0,1.5,3.8,7.5,15.5,14.2,10.9,0.1,0.2,0.1,4.17,4.95,6.26,12.8
820,2012-06-27,,0,24,13.8,23.1,11.9,17.7,0,1.3,4.3,7.1,14.7,14.2,11.1,0.1,0.2,0.1,4.13,5.11,6.1,12.79
820,2012-06-28,,0,24,18.5,22.6,10.4,17.1,0,1,4.1,6.8,14.8,14.1,11.1,0.1,0.2,0.1,4.01,5.03,6,12.8
820,2012-06-29,,0,24,17.8,24,12.9,19.4,0,0.9,3.9,6.9,15.2,14.1,11.2,0.2,0.2,0.1,3.97,4.98,6.06,12.8
820,2012-06-30,,0,24,17.8,24.5,14.1,19.3,0,1.1,3.8,6.3,15.1,14.3,11.3,0.1,0.2,0.1,4.03,4.92,5.84,12.79
820,2012-07-01,,0,24,18.2,25,11.3,19,0,0.7,3.9,6.1,15.1,14.4,11.4,0.1,0.2,0.1,3.93,4.98,5.75,12.8
820,2012-07-02,,0,24,19.1,25.6,16.9,20.4,0,0.5,3.4,5.8,15,14.2,11.4,0.1,0.2,0.1,3.87,4.82,5.65,12.81
820,2012-07-03,,0,24,17.3,24.5,14.1,19.5,0,0.8,3.3,5.4,15.4,14.6,11.5,0.1,0.2,0.1,3.95,4.78,5.51,12.8
820,2012-07-04,,0,24,18.3,24.9,14.1,19.4,0,0.7,3.3,5.2,15.6,14.8,11.6,0.1,0.2,0.1,3.93,4.77,5.46,12.8
820,2012-07-05,,0,24,15.7,24.9,12.1,19.4,0,1.3,3.5,5,16.5,15,11.7,0.1,0.2,0.1,4.09,4.84,5.35,12.81
820,2012-07-06,,0,24.5,8.3,16.4,8.1,12.5,0,3.8,3.6,5.1,13.9,13.8,11.8,0.1,0.2,0.1,4.93,4.87,5.4,12.75
820,2012-07-07,,0,24.5,13.6,21.7,7.1,13.8,0,4.9,3.5,4.7,14.5,14,11.6,0.1,0.2,0.1,5.29,4.84,5.26,12.78
820,2012-07-08,,0,24.7,11.9,22.6,10.4,14.9,0,5.8,3.1,4.6,13.8,13.5,11.5,0.1,0.2,0.1,5.6,4.71,5.24,12.8
820,2012-07-09,,0,24.7,13.6,25,10.3,17,0,6.9,3.7,4.4,15.5,14.6,11.5,0.1,0.2,0.1,5.97,4.91,5.17,12.8
820,2012-07-10,,0,24.7,17.1,26.2,12,19.5,0,5.9,3.7,3.7,16,15.1,11.7,0.1,0.2,0.1,5.61,4.9,4.93,12.81
820,2012-07-11,,0,24.7,15.7,26.8,14.2,20,0,4.6,3.6,3.8,15.5,14.9,11.9,0.1,0.2,0.1,5.19,4.85,4.95,12.8
820,2012-07-12,,0,24.8,17.2,26.3,13.5,19.5,0,4,3.6,3.9,15.4,14.7,12,0.1,0.2,0.1,5,4.87,4.98,12.81
820,2012-07-13,,0,24.8,16.3,27.6,13.8,19.7,0,2.9,3.6,3.7,15.6,14.9,12.1,0.2,0.2,0.1,4.62,4.87,4.92,12.8
820,2012-07-14,,0,24.9,12.5,22.4,10.8,15.5,0,2.3,3.2,4,14.4,14.3,12.1,0.2,0.2,0.1,4.43,4.73,5.03,12.78
820,2012-07-15,,0,25.2,9.7,17.7,9.6,13.1,0,3.8,3.8,3.5,14.8,14.2,12,0.1,0.2,0.1,4.94,4.92,4.87,12.8
820,2012-07-16,,0,25.2,10.9,15.2,9.1,12.2,0,5,3.6,3.9,13.2,13.4,11.9,0.1,0.2,0.1,5.36,4.88,4.99,12.79
820,2012-07-17,,0,25.2,8.6,20.6,8.4,13.6,0,5,3.6,3.5,14.2,13.9,11.7,0.1,0.2,0.1,5.35,4.85,4.85,12.8
820,2012-07-18,,0,25.2,15.2,21,8.3,15.5,0,4.1,3.5,3.3,14.5,14.2,11.7,0.1,0.2,0.1,5.05,4.83,4.78,12.8
820,2012-07-19,,0,25.2,14,23.2,10,17,0,3.3,3.4,3.4,14.8,14.4,11.8,0.2,0.2,0.1,4.76,4.81,4.81,12.8
820,2012-07-20,,0,25.2,14.2,23.2,11.3,16.6,0,3.4,3.9,3.4,13.9,13.6,11.8,0.1,0.2,0.1,4.8,4.97,4.84,12.77
820,2012-07-21,,0,25.2,14.1,24.6,11.5,16.6,0,2.8,3.4,3,14.8,14.1,11.8,0.1,0.2,0.1,4.59,4.81,4.69,12.8
820,2012-07-22,,0,25.2,15.3,24.1,12.6,16.9,0,2,3.5,3,14.7,14.3,11.9,0.2,0.2,0.1,4.33,4.84,4.68,12.78
820,2012-07-23,,0,25.2,13,23.9,11.3,17.4,0,2,3.6,2.9,15.7,14.7,12,0.1,0.2,0.1,4.34,4.87,4.66,12.81
820,2012-07-24,,0,25.3,15.3,22.2,10.3,15.6,0,1.8,3.8,2.6,14.4,14.4,12.1,0.1,0.2,0.1,4.28,4.92,4.55,12.8
820,2012-07-25,,0,25.3,12.1,21.4,10.8,15.9,0,1.5,3.4,2.8,15.4,14.7,12.1,0.1,0.2,0.1,4.18,4.8,4.62,12.74
820,2012-07-26,,0,25.3,13.4,23.1,10.9,16.4,0,1.8,3.8,2.2,14.4,14.4,12.2,0.1,0.2,0.1,4.27,4.95,4.43,12.81
820,2012-07-27,,0,25.3,15.7,25.7,11.2,18.6,0,1.4,3.3,2.4,15.4,14.6,12.1,0.1,0.2,0.1,4.13,4.78,4.49,12.81
820,2012-07-28,,0,25.4,13.5,23.7,11.9,16.8,0,1.4,3.2,2.1,15.4,14.9,12.2,0.1,0.2,0.1,4.13,4.74,4.4,12.8
820,2012-07-29,,0,25.4,12.1,24.6,11.2,17,0,1.3,3.6,2.1,15.4,15,12.3,0.1,0.2,0.1,4.09,4.87,4.38,12.8
820,2012-07-30,,0,25.4,14.7,25,11,17.3,0,1,3.2,2.3,15.5,15,12.3,0.1,0.2,0.1,4,4.72,4.46,12.81
820,2012-07-31,,0,25.4,13.3,24.9,12.2,16.6,0,0.7,2.9,2.4,15.1,14.8,12.4,0.1,0.2,0.1,3.93,4.62,4.49,12.8
820,2012-08-01,,0,25.4,11.8,23,11.8,16.5,0,0.9,3.2,1.8,15.4,14.8,12.4,0.1,0.2,0.1,3.97,4.73,4.3,12.8
820,2012-08-02,,0,25.4,14.7,24.8,11.2,17.3,0,1,3,2.2,16.2,15.3,12.4,0.1,0.2,0.1,3.99,4.67,4.41,12.8
820,2012-08-03,,0,25.4,17,24.7,12.1,18,0,0.7,3.5,2,15.9,15.5,12.6,0.1,0.2,0.1,3.91,4.82,4.36,12.8
820,2012-08-04,,0,25.4,13.4,23.4,11.1,17.5,0,1.1,3.7,1.7,15.7,15.4,12.6,0.1,0.1,0.1,4.03,4.9,4.27,12.79
820,2012-08-05,,0,25.4,15.6,24.9,10.8,17.9,0,0.6,2.9,1.4,16.2,15.5,12.7,0.1,0.2,0.1,3.89,4.62,4.16,12.81
820,2012-08-06,,0,25.4,13.6,27,11.8,18.5,0,0.2,2.9,1.3,16.7,15.7,12.7,0.1,0.2,0.1,3.74,4.62,4.15,12.79
820,2012-08-07,,0,25.5,13.8,25.3,11.2,18,0,0.2,2.5,1.5,16,15.7,12.9,0.1,0.2,0.1,3.77,4.48,4.2,12.8
820,2012-08-08,,0,25.5,16.9,26.7,11.6,18.8,0,0.3,3.1,1.3,16.2,15.6,12.9,0.1,0.2,0.1,3.79,4.68,4.14,12.79
820,2012-08-09,,0,25.5,15.7,27.9,13.5,20.4,0,0.1,2.9,1.5,16.9,15.8,12.9,0.1,0.2,0.1,3.7,4.63,4.18,12.81
820,2012-08-10,,0,25.5,16.7,26,14,19.4,0,0,2.7,1,17,16.3,13.1,0.1,0.2,0.1,3.69,4.55,4.04,12.79
820,2012-08-11,,0,25.6,10.9,24.7,10.8,17.7,0,0,2.9,1,16.2,15.6,13.2,0.1,0.2,0.1,3.69,4.61,4.03,12.81
820,2012-08-12,,0,25.7,13.5,24,9.1,16.5,0,0.3,2.5,0.8,15.7,15.8,13.1,0.1,0.2,0.1,3.79,4.49,3.98,12.8
820,2012-08-13,,0,25.7,15.8,25.4,11.2,17.8,0,0,2.7,1,15.9,15.4,13.1,0.1,0.2,0.1,3.63,4.56,4.02,12.79
820,2012-08-14,,0,25.7,13,23.4,12.3,16.3,0,0,2.9,1.1,15.7,15.4,13.1,0.1,0.2,0.1,3.61,4.61,4.06,12.8
820,2012-08-15,,0,25.7,12,23.8,10.1,16.3,0,0,2.2,1.1,14.5,15,13,0.1,0.2,0.1,3.6,4.42,4.05,12.81
820,2012-08-16,,0,25.7,14.4,24.7,11.3,17.5,0,0,3.1,0.6,15.2,15.1,12.9,0.1,0.2,0.1,3.65,4.68,3.91,12.8
820,2012-08-17,,0,25.7,14.1,25.3,12.7,18.8,0,0,3,0.7,15.9,15.4,12.9,0.1,0.2,0.1,3.63,4.65,3.95,12.8
820,2012-08-18,,0,25.7,13.9,25.4,13.4,18.4,0,0,2.7,0.9,16.3,15.9,13,0.1,0.2,0.1,3.32,4.57,3.99,12.8
820,2012-08-19,,0,25.8,13.2,25.6,11.7,18.2,0,0,2.6,0.7,16.2,15.9,13.1,0.1,0.2,0.1,3.12,4.52,3.94,12.81
820,2012-08-20,,0,25.8,14.7,24.6,11.8,17.7,0,0,2.8,0.8,16.4,15.5,13.1,0.1,0.2,0.1,3.36,4.57,3.98,12.81
820,2012-08-21,,0,25.8,13.1,22.3,11.2,16.2,0,0,3.2,0.8,15.8,15.8,13.2,0.1,0.1,0.1,3.2,4.71,3.98,12.8
820,2012-08-22,,0,25.8,16.1,25,9.8,17.7,0,0,2.5,0.7,16.8,15.8,13.2,0.1,0.2,0.1,3.24,4.5,3.93,12.81
820,2012-08-23,,0,25.9,12.1,19.8,10,14.3,0,0,2.6,0.8,15.4,15.2,13.2,0.1,0.2,0.1,3.17,4.52,3.98,12.77
820,2012-08-24,,0,25.9,11.4,22,10.4,15.5,0,0,2.7,0.7,14.8,15.2,13.1,0.1,0.2,0.1,3.23,4.57,3.94,12.8
820,2012-08-25,,0,25.9,12,22.6,9.8,15.9,0,0,2.9,1,15,15.2,13,0.1,0.2,0.1,3.06,4.61,4.02,12.8
820,2012-08-26,,0,25.9,11.3,22.6,10.2,15.6,0,0,2.2,0.5,14.9,15,12.9,0.1,0.2,0.1,3.31,4.39,3.89,12.8
820,2012-08-27,,0,25.9,16.4,23.8,11,16.5,0,0,2.5,0.8,15.7,15.4,12.9,0.1,0.2,0.1,3.21,4.5,3.98,12.8
820,2012-08-28,,0,25.9,13.3,24.3,12.5,17.7,0,0,2.4,1,16.3,15.8,13,0.1,0.2,0.1,3.23,4.45,4.02,12.81
820,2012-08-29,,0,25.9,18.9,25.7,12.3,19.2,0,0,2.7,0.8,17,16.1,13.2,0.1,0.2,0.1,3.23,4.54,3.98,12.79
820,2012-08-30,,0,25.9,15.3,25.2,13.7,19.1,0,0,2.1,0.9,16.3,16.1,13.4,0.1,0.2,0.1,3.29,4.36,3.98,12.8
820,2012-08-31,,0,26,10,24.4,9.6,16.2,0,0,2.4,0.6,16.3,16.2,13.5,0.1,0.2,0.1,3.11,4.46,3.9,12.8
820,2012-09-01,,0,26.1,12,21.8,9.3,13.8,0,0,2.1,0.9,14.7,15.1,13.4,0.1,0.2,0.1,3.2,4.38,3.98,12.8
820,2012-09-02,,0,27.5,7.7,16.9,7.8,11.7,0,8.8,10.9,0.6,11,13.4,13.1,0.1,0.1,0.1,6.73,7.49,3.9,12.78
820,2012-09-03,,0,27.5,10.7,19.9,6.8,13.3,0,8.8,14.1,0.7,13.3,14.1,12.5,0.1,0.1,0.1,6.7,8.78,3.94,12.8
820,2012-09-04,,0,27.5,12.8,21.3,8.9,14.8,0,8.8,13.2,1,13.6,14.5,12.6,0.1,0.1,0.1,6.68,8.38,4.02,12.8
820,2012-09-05,,0,27.6,12.8,21.6,9,15.4,0,8.2,12.8,0.7,13.6,14.6,12.6,0.1,0.1,0.1,6.49,8.22,3.94,12.79
820,2012-09-06,,0,27.6,11.5,22.1,8.6,15.2,0,7,12.3,1,13.9,14.7,12.6,0.1,0.1,0.1,6.04,8.01,4.02,12.79
820,2012-09-07,,0,27.6,7.8,22.8,7.7,14.6,0,7.1,11.5,0.7,13.8,14.7,12.8,0.1,0.1,0.1,6.07,7.69,3.95,12.78
820,2012-09-08,,0,27.6,8.9,19,6.8,12.4,0,6.5,11,0.9,13.1,14.3,12.7,0.1,0.1,0.1,5.87,7.51,3.99,12.79
820,2012-09-09,,0,27.6,9.4,20.4,8,13.7,0,6.4,10.5,0.9,13.4,14.3,12.6,0.1,0.2,0.1,5.85,7.34,3.99,12.79
820,2012-09-10,,0,27.6,14.6,22.8,8.4,15.8,0,5.8,10.1,0.6,14.3,14.5,12.5,0.1,0.2,0.1,5.63,7.17,3.91,12.8
820,2012-09-11,,0,27.7,10.3,21.3,9.2,15.2,0,5.2,10.3,1.2,14.3,14.7,12.7,0.1,0.1,0.1,5.42,7.26,4.09,12.78
820,2012-09-12,,0,27.7,8.5,17.3,7.4,11.6,0,4.9,9.6,0.9,12.8,14.1,12.7,0.1,0.2,0.1,5.33,6.97,4,12.79
820,2012-09-13,,0,27.8,9,18.1,4.4,11.2,0,4.8,9.6,0.9,12,13.5,12.4,0.1,0.1,0.1,5.3,7,3.99,12.78
820,2012-09-14,,0,27.8,10.4,21.2,4.8,12.4,0,4.8,9.1,0.7,12.2,13.3,12.2,0.1,0.2,0.1,5.3,6.8,3.94,12.79
820,2012-09-15,,0,27.8,10.5,21.6,7.9,14.2,0,4.2,8.8,0.8,12.5,13.5,12.1,0.1,0.2,0.1,5.08,6.7,3.99,12.78
820,2012-09-16,,0,27.8,14.4,21.8,9.2,14.6,0,3.7,8.3,0.8,12.7,13.6,12.1,0.1,0.2,0.1,4.92,6.5,3.99,12.79
820,2012-09-17,,0,27.8,10.9,20.9,8.8,14.8,0,3.5,8.8,0.8,13.4,13.8,12.1,0.1,0.1,0.1,4.85,6.68,3.99,12.79
820,2012-09-18,,0,27.8,7.1,18.2,6.9,12.1,0,3.5,7.7,1,12.4,13.7,12.2,0.1,0.2,0.1,4.86,6.31,4.03,12.78
820,2012-09-19,,0,27.8,8.7,19.8,5.5,11.8,0,3.2,7.8,1,12.1,13.3,12.1,0.1,0.2,0.1,4.74,6.33,4.03,12.78
820,2012-09-20,,0,27.8,10.9,20.1,6.8,13.4,0,3,7.5,0.8,12.2,13.2,11.9,0.1,0.2,0.1,4.7,6.22,3.99,12.79
820,2012-09-21,,0,27.8,9.7,19.9,7.7,12.9,0,2.7,7.1,0.8,12,13.1,11.9,0.1,0.2,0.1,4.58,6.09,3.99,12.78
820,2012-09-22,,0,27.8,8.7,20.7,7.9,13.9,0,2.8,7.1,1,12.2,13.1,11.8,0.1,0.2,0.1,4.62,6.1,4.03,12.79
820,2012-09-23,,0,27.8,14.5,22,8.6,14.8,0,2.5,6.8,1.1,12.5,13.1,11.8,0.1,0.2,0.1,4.53,5.97,4.07,12.79
820,2012-09-24,,0,28,9.4,19.3,7.6,13.7,0,2.3,6.1,1.1,12.4,12.9,11.8,0.1,0.2,0.1,4.45,5.73,4.07,12.78
820,2012-09-25,,0,28.2,5.1,14.8,5.1,9.4,0,1.8,6,1.1,11.2,12.3,11.7,0.1,0.2,0.1,4.31,5.73,4.07,12.78
820,2012-09-26,,0,28.7,5.5,7.6,3.8,5.5,0,17.7,6.5,1.2,9.8,11,11.3,0.1,0.2,0.1,10.44,5.89,4.12,12.79
820,2012-09-27,,0,28.7,6.4,13.5,4.3,7.8,0,13.6,6.1,1.3,10.7,11.4,11,0.1,0.2,0.1,8.62,5.74,4.15,12.8
820,2012-09-28,,0,28.8,6.3,15,4.7,9,0,14.1,6.6,0.8,10.3,11.5,10.9,0.1,0.2,0.1,8.84,5.92,3.98,12.79
820,2012-09-29,,0,28.9,8.2,16.6,5.5,10.5,0,12.1,6.5,0.9,9.7,11.1,10.7,0.1,0.2,0.1,8.04,5.89,4.02,12.78
820,2012-09-30,,0,28.9,8,18.3,6.6,11.6,0,10.8,6.9,0.9,9.9,11.2,10.6,0.1,0.2,0.1,7.51,6.06,4.01,12.78
820,2012-09-30,11:59:00 PM,-99.9,28.9,-99.9,-99.9,-99.9,-99.9,-99.9,-99.9,-99.9,-99.9,-99.9,-99.9,-99.9,-99.9,-99.9,-99.9,-99.9,-99.9,-99.9,-99.9
820,2012-10-01,,0,0,9.1,18.4,7,11.9,0,9.7,7.3,1,9.9,11.2,10.5,0.1,0.2,0.1,7.1,6.18,4.05,12.78
820,2012-10-02,,0,0,8.3,18.5,7.2,12.1,0,8.5,7.1,0.6,9.9,11.1,10.5,0.1,0.2,0.1,6.63,6.1,3.93,12.78
820,2012-10-03,,0,0,14.3,18.2,7.7,13.3,0,8.2,7.4,1.1,10.1,11.1,10.5,0.1,0.2,0.1,6.52,6.22,4.09,12.79
820,2012-10-04,,0,0,4.6,15.8,4.4,11.4,0,6.8,7.2,1.2,9,10.9,10.5,0.1,0.2,0.1,6.03,6.17,4.11,12.77
820,2012-10-05,,0,0,8.2,14.5,1.5,9,0,6.3,7.3,0.7,9.1,10.3,10.2,0.1,0.2,0.1,5.87,6.2,3.96,12.79
820,2012-10-06,,0,0,-0.3,10.3,-0.4,5.8,0,5.7,7,0.7,7.5,9.7,10,0.1,0.2,0.1,5.66,6.09,3.96,12.76
820,2012-10-07,,0,0,-0.5,10,-1.2,3,0,4.9,7.1,0.8,6.2,8.7,9.6,0.1,0.2,0.1,5.41,6.13,4,12.76
820,2012-10-08,,0,0,0.3,9.9,-2.5,2.9,0,4.6,6.6,0.8,5.6,8,9.1,0.1,0.2,0.1,5.31,5.99,4,12.76
820,2012-10-09,,0,0,9.1,13.8,-0.5,8,0,5.1,7,0.3,6.9,8.2,8.8,0.1,0.2,0.1,5.45,6.11,3.85,12.78
820,2012-10-10,,0,0,6.6,15.6,4.8,9.3,0,4.2,6.4,0.6,7.5,8.7,8.8,0.1,0.2,0.1,5.16,5.88,3.93,12.77
820,2012-10-11,,0,0,7.2,15.7,6.2,10.2,0,4,6.7,0.4,8.4,8.9,8.8,0.2,0.2,0.1,5.06,6.01,3.89,12.78
820,2012-10-12,,0,0,6.3,16.9,5.6,10.2,0,3.7,6.3,0.2,8.3,9.2,8.9,0.1,0.2,0.2,4.96,5.87,3.81,12.78
820,2012-10-13,,0,0.7,0.7,8.5,0.5,4.3,0,14.3,6.4,0.3,6.3,8.1,8.9,0.1,0.2,0.1,9,5.91,3.85,12.61
820,2012-10-14,,0,0.7,2.6,6.3,0.5,3.1,0,14.5,6.2,0,6.1,7.7,8.5,0.1,0.2,0.2,9.11,5.82,3.75,12.78
820,2012-10-15,,0,0.8,4.3,11.5,0.9,5.4,0,12.2,6.5,0.3,6,7.7,8.3,0.1,0.2,0.1,8.12,5.95,3.84,12.78
820,2012-10-16,,0,0.8,6.7,14.2,3,8.2,0,10.8,6.9,0.7,6.5,7.8,8.1,0.1,0.2,0.1,7.56,6.1,3.97,12.78
820,2012-10-17,,0,0.8,3,14.7,2.7,8.3,0,9.9,6.9,0.3,6.1,7.8,8.1,0.1,0.2,0.2,7.22,6.09,3.84,12.76
820,2012-10-18,,0,0.8,-0.3,6,-2,1.8,0,9,6.7,0.5,4.1,6.5,7.9,0.1,0.2,0.1,6.93,6.02,3.93,12.76
820,2012-10-19,,0,0.8,3.5,10.3,-1.2,4,0,8.5,7.2,0.2,4,6,7.4,0.1,0.2,0.2,6.74,6.22,3.83,12.76
820,2012-10-20,,0,0.8,8.2,14.1,2.8,8.1,0,8.2,7.1,0,5,6.4,7.2,0.1,0.2,0.2,6.59,6.19,3.78,12.78
820,2012-10-21,,0,0.9,8.6,16.6,6.8,11.5,0,7.6,6.8,0.1,5.8,6.8,7.2,0.1,0.2,0.2,6.37,6.05,3.78,12.78
820,2012-10-22,,0,0.9,7.6,12,6.8,8.3,0,7.2,7,0,6.2,6.6,7.3,0.1,0.2,0.2,6.23,6.12,3.78,12.73
820,2012-10-23,,0,1,5.6,8.7,4.1,7.1,0,10,7.3,0.1,5.5,6.3,7.2,0.1,0.2,0.2,7.28,6.27,3.78,12.65
820,2012-10-24,,0.1,1.2,-2.4,5.6,-2.3,2.3,1,9.8,7.5,0.4,4.1,5.7,7.1,0.1,0.1,0.1,7.21,6.33,3.9,12.64
820,2012-10-25,,0.1,1.2,-5.7,0.1,-6.1,-3.1,1,10.8,6.5,0.4,2.6,4.5,6.7,0.1,0.2,0.1,7.64,5.99,3.9,12.82
820,2012-10-26,,0.1,1.4,-7.6,1.6,-7.9,-4.3,1,10.1,7.2,0.4,2,3.6,6.2,0.1,0.2,0.1,7.35,6.25,3.9,12.79
820,2012-10-27,,0.3,1.5,-0.6,2.1,-10.5,-3.4,3,9.9,6.7,0,1.7,3.1,5.8,0.1,0.2,0.2,7.28,6.08,3.62,12.78
820,2012-10-28,,0.2,1.6,3.6,5.8,-2.3,2.1,2,12.3,8,0,1.5,2.9,5.4,0.1,0.1,0.2,8.25,6.55,3.65,12.79
820,2012-10-29,,0.1,1.6,3.4,9.8,3,5.5,1,17.6,8,0,2.5,3.9,5.3,0.1,0.2,0.2,10.57,6.55,3.75,12.78
820,2012-10-30,,0,1.6,5.3,12.6,3,7.1,0,15.3,12.2,0.2,3,4.4,5.4,0.1,0.2,0.1,9.51,8.15,3.84,12.76
820,2012-10-31,,0,1.6,6.9,13.8,4.2,8.2,0,13.8,12.7,0.2,3.4,4.6,5.5,0.1,0.2,0.1,8.85,8.36,3.84,12.77
820,2012-11-01,,0,1.6,10.1,15.8,5.2,9.9,0,12.5,13.2,0.2,3.8,4.9,5.5,0.1,0.1,0.1,8.29,8.57,3.84,12.78
820,2012-11-02,,0,1.6,4.1,11.1,4.1,8.1,0,12.3,13,0,3.7,4.7,5.6,0.1,0.1,0.2,8.23,8.47,3.58,12.78
820,2012-11-03,,0,1.6,2.1,10,1.3,4.8,0,11.4,12.7,0.3,3.1,4.7,5.6,0.1,0.2,0.1,7.85,8.37,3.88,12.75
820,2012-11-04,,0,1.6,2.9,9.8,0.6,4.5,0,11,12.5,0.4,2.5,4.2,5.5,0.1,0.2,0.1,7.71,8.29,3.89,12.77
820,2012-11-05,,0,1.6,3.5,11,1.5,5.5,0,10.6,12.4,0,2.7,4.1,5.3,0.1,0.2,0.2,7.56,8.24,3.66,12.78
820,2012-11-06,,0,1.6,3.7,11.6,1.2,5.5,0,10.2,12.4,0.3,2.8,4.2,5.3,0.1,0.1,0.1,7.4,8.23,3.89,12.78
820,2012-11-07,,0,1.6,6,13,2.5,6.8,0,9.8,11.9,0,2.6,4.1,5.2,0.1,0.2,0.2,7.25,8.04,3.7,12.76
820,2012-11-08,,0,1.6,8.8,14.3,3.8,8.3,0,9.7,12.2,0,2.6,4,5.1,0.1,0.1,0.2,7.19,8.17,3.75,12.77
820,2012-11-09,,0,1.6,5.6,11.6,4.7,8.2,0,9.4,12.1,0.2,3.9,4.4,5.1,0.1,0.1,0.1,7.05,8.13,3.83,12.79
820,2012-11-10,,1.1,2.8,-6,5.7,-6.1,-0.7,10,15.7,12.4,0,2.2,3.5,5.1,0.1,0.1,0.2,9.68,8.28,3.57,12.62
820,2012-11-11,,1.2,3.2,-9.6,-3,-10.8,-7.9,10,15.5,13.2,0,2,3.1,4.9,0.1,0.2,0.2,9.6,8.61,3.71,12.75
820,2012-11-12,,1.2,3.2,-12.7,-6.6,-14,-10.3,9,14.9,13.7,0,1.8,2.8,4.7,0.1,0.2,0.2,9.35,8.83,3.69,12.72
820,2012-11-13,,1.3,3.4,-3.1,4.2,-13.9,-4.9,9,14.1,13.8,0,1.7,2.6,4.5,0.1,0.2,0.2,9,8.85,3.79,12.77
820,2012-11-14,,1.1,3.4,-2,6.3,-5.8,-1.3,8,14.1,14.9,0,1.6,2.5,4.3,0.1,0.1,0.2,9,9.32,3.55,12.77
820,2012-11-15,,1.1,3.4,0,7.9,-2.3,1.4,7,13.6,13.9,0,1.6,2.5,4.2,0.1,0.2,0.2,8.81,8.91,3.79,12.78
820,2012-11-16,,1.2,3.4,2.6,9.8,-1.8,2.1,7,13,14.3,0,1.5,2.3,4.1,0.1,0.1,0.2,8.53,9.07,3.7,12.76
820,2012-11-17,,1.5,3.6,2.9,7,-0.7,2.4,8,12.6,14,0,1.4,2.3,4,0.1,0.2,0.2,8.39,8.96,3.79,12.77
820,2012-11-18,,2.6,4.9,1.3,4.1,0.2,1.8,11,14.4,14.2,0,1.4,2.2,3.9,0.1,0.2,0.2,9.16,9.05,3.65,12.72
820,2012-11-19,,3,5.3,1.3,4,1,2.3,13,18.8,16.5,0,1.3,2.1,3.8,0.1,0.1,0.2,11.19,10.05,3.55,12.69
820,2012-11-20,,3,5.3,1.2,8.6,0.1,2.4,11,18.8,18.1,0,1.2,2.1,3.8,0.1,0.1,0.2,11.19,10.79,3.79,12.79
820,2012-11-21,,3,5.3,6.8,10.3,-0.1,5.5,11,18,18.1,0.4,1.2,2,3.7,0.1,0.1,0.1,10.77,10.8,3.91,12.81
820,2012-11-22,,3,5.3,4.9,8.4,3.6,6.3,11,18,18.7,0.1,1.2,2,3.6,0.1,0.1,0.2,10.76,11.11,3.83,12.79
820,2012-11-23,,3,5.3,-3,5.3,-3.2,0.1,11,17.5,18.4,0,1.2,2,3.6,0.1,0.1,0.2,10.54,10.97,3.65,12.74
820,2012-11-24,,3,5.3,3.1,11.8,-3,3.3,11,15.9,17.6,0,1.1,1.9,3.5,0.1,0.2,0.2,9.8,10.56,3.77,12.77
820,2012-11-25,,3,5.3,2,10.4,0.9,4.2,10,15.4,17.7,0,1,1.8,3.4,0.1,0.1,0.2,9.57,10.61,3.69,12.74
820,2012-11-26,,3,5.3,-3,8.5,-3.1,3.1,10,14,17.2,0,1,1.7,3.4,0.1,0.1,0.2,8.99,10.4,3.52,12.76
820,2012-11-27,,3,5.3,1,6.7,-5.3,-0.5,11,13.1,17.1,0,0.9,1.7,3.3,0.1,0.1,0.2,8.6,10.35,3.65,12.73
820,2012-11-28,,3.2,5.4,1,9.9,-0.9,3,10,12.5,16.4,0,0.8,1.6,3.2,0.1,0.2,0.2,8.37,10.01,3.6,12.75
820,2012-11-29,,3.2,5.4,4.2,10.2,0.8,5.2,10,11.8,16.3,0,0.7,1.5,3.1,0.1,0.1,0.2,8.05,9.96,3.77,12.78
820,2012-11-30,,3.2,5.4,3.1,6.9,-0.6,3.2,10,11.8,15.8,0,0.8,1.5,3,0.1,0.1,0.2,8.05,9.76,3.77,12.77
820,2012-12-01,,4.3,6.3,3.5,5.9,0.9,3.4,12,16.4,15.5,0,0.7,1.5,3,0.1,0.1,0.2,10.06,9.62,3.72,12.76
820,2012-12-02,,4.3,6.3,1.5,5.5,0.2,2.7,12,16,16.6,0.2,0.7,1.5,2.9,0.1,0.1,0.1,9.88,10.1,3.86,12.76
820,2012-12-03,,5.4,8,-2.9,7.7,-2.8,1.9,17,20.5,22.4,0.2,0.7,1.4,2.9,0.1,0.1,0.1,15.06,13.05,3.85,12.75
820,2012-12-04,,5.4,8,-3.9,2.6,-6.6,-3.4,16,18.7,23.1,0,0.8,1.5,2.8,0.1,0.1,0.2,11.12,13.44,3.68,12.73
820,2012-12-05,,5.6,8.2,5.9,7.9,-4.2,1.5,16,16.9,21.9,0,0.9,1.5,2.8,0.1,0.1,0.2,10.29,12.74,3.56,12.76
820,2012-12-06,,5.7,8.3,1,8.2,1,3.7,15,17,21.7,0,1,1.6,2.8,0.1,0.1,0.2,10.33,12.67,3.69,12.76
820,2012-12-07,,5.7,8.3,0.2,5.7,-1.5,1.2,15,16.7,21.6,0,1,1.6,2.8,0.1,0.1,0.2,10.18,12.61,3.73,12.78
820,2012-12-08,,5.7,8.3,-1.3,2.4,-3.9,-1.6,15,16,21,0,1,1.6,2.8,0.1,0.1,0.2,9.85,12.29,3.46,12.76
820,2012-12-09,,5.7,8.3,-10.1,-0.7,-10.1,-5.1,15,14.9,20.4,0,0.9,1.6,2.8,0.1,0.1,0.2,9.36,11.98,3.61,12.56
820,2012-12-10,,5.7,8.3,-13.4,-6,-14.7,-10.9,17,14.2,19.8,0,0.8,1.5,2.7,0.1,0.1,0.2,9.07,11.67,3.51,12.7
820,2012-12-11,,5.8,8.5,-5.1,-3.1,-13.5,-6.3,20,13.2,19.6,0.5,0.7,1.4,2.6,0.1,0.1,0.1,8.63,11.55,3.96,12.74
820,2012-12-12,,5.9,8.6,0.8,1.6,-5.8,-3,19,12.3,18.7,0,0.7,1.4,2.6,0.1,0.1,0.2,8.27,11.1,3.62,12.75
820,2012-12-13,,5.9,8.6,-1.1,1.8,-2.8,-0.2,18,11.9,18.2,0,0.6,1.3,2.5,0.1,0.1,0.2,8.1,10.88,3.81,12.69
820,2012-12-14,,5.9,8.6,-2.3,1,-3.5,-1.1,18,11.9,18,0,0.6,1.3,2.5,0.1,0.1,0.2,8.12,10.8,3.63,12.7
820,2012-12-15,,6.1,8.8,-3.1,3.5,-3.1,-1.4,21,11,17.1,0,0.6,1.3,2.5,0.1,0.2,0.2,7.76,10.35,3.73,12.8
820,2012-12-16,,6.6,9.1,-6.6,-3.1,-7.2,-5.2,27,11.5,17.3,0.4,0.6,1.3,2.4,0.1,0.1,0.2,7.93,10.45,3.94,12.74
820,2012-12-17,,6.9,9.3,-3.6,-3.1,-7.5,-6,27,11.6,17.1,0.9,0.6,1.3,2.4,0.1,0.1,0.2,7.98,10.35,4.1,12.72
820,2012-12-18,,7.7,9.9,-5.1,0,-5.2,-3,30,11.4,16.7,1.1,0.7,1.3,2.4,0.1,0.1,0.2,7.89,10.19,4.16,12.74
820,2012-12-19,,8.2,10.3,-12.6,-5,-12.6,-7.7,31,11.8,17.2,1.7,0.7,1.3,2.4,0.1,0.1,0.1,8.06,10.41,4.36,12.57
820,2012-12-20,,8.2,10.3,-15.9,-6.4,-17.6,-13.6,30,11.4,16.2,2,0.7,1.3,2.4,0.1,0.2,0.1,7.89,9.96,4.45,12.73
820,2012-12-21,,8.2,10.3,1.1,3.9,-17.1,-4.7,29,11.4,16.4,2.2,0.7,1.3,2.3,0.1,0.1,0.1,7.92,10.03,4.53,12.75
820,2012-12-22,,8.2,10.3,2.4,6.3,-2.3,2.4,26,11.7,16.8,1.6,0.7,1.3,2.3,0.1,0.1,0.2,8.02,10.22,4.33,12.8
820,2012-12-23,,8.2,10.3,-1.8,5.5,-1.8,1.6,25,11.2,16,2.6,0.7,1.3,2.3,0.1,0.2,0.2,7.84,9.86,4.66,12.82
820,2012-12-24,,8.2,10.3,-3.7,3.8,-4.1,-1.6,26,11.4,16.6,3,0.7,1.3,2.3,0.1,0.1,0.2,7.9,10.13,4.79,12.81
820,2012-12-25,,8.5,10.6,-13.8,-1.3,-14.8,-6.3,30,11.5,16.3,2.2,0.8,1.3,2.3,0.1,0.1,0.2,7.94,10,4.52,12.74
820,2012-12-26,,8.5,10.6,-7,-2.7,-14.3,-9.5,29,11.4,16.4,2.9,0.8,1.3,2.3,0.1,0.1,0.2,7.9,10.02,4.74,12.75
820,2012-12-27,,9.3,11.6,-7.1,-6.4,-9.8,-7.9,38,11.5,16.6,3,0.8,1.3,2.3,0.1,0.1,0.2,7.95,10.14,4.8,12.65
820,2012-12-28,,9.3,11.6,-13.6,-5.4,-14.2,-9.5,37,11,15.6,3.3,0.8,1.3,2.3,0.1,0.2,0.2,5.84,9.69,4.89,12.76
820,2012-12-29,,9.3,11.6,-12,-3.5,-14.6,-11.4,35,10.5,16.5,3.4,0.8,1.3,2.3,0.1,0.1,0.2,5.93,10.06,4.92,12.73
820,2012-12-30,,9.5,11.8,-6.2,-0.1,-12.7,-8.2,34,10,16.1,3.5,0.8,1.3,2.3,0.1,0.1,0.2,5.64,9.87,4.96,12.75
820,2012-12-31,,9.5,11.8,-13.4,-2.7,-13.4,-8.6,33,9.5,16.1,4.2,0.8,1.3,2.3,0.1,0.1,0.1,5.78,9.9,5.21,12.74
